{
  "name": "sass-mq",
  "description": "mq() is a Sass mixin that helps manipulating media queries in an elegant way.",
  "keywords": [
    "responsive",
    "sass",
    "rwd",
    "mediaquery",
    "query",
    "queries",
    "media"
  ],
  "main": "_mq.scss",
  "author": "Guardian Media Group and contributors",
  "ignore": [
    "test",
    "sassdoc",
    "**/.*",
    "sache.json",
    "sassdoc.sh",
    "test.sh"
  ],
  "licenses": [
    {
      "type": "MIT",
      "url": "http://opensource.org/licenses/MIT"
    }
  ],
  "repository": {
    "type": "git",
    "url": "https://github.com/sass-mq/sass-mq"
  },
  "homepage": "https://github.com/sass-mq/sass-mq",
  "version": "3.3.2",
  "_release": "3.3.2",
  "_resolution": {
    "type": "version",
    "tag": "v3.3.2",
    "commit": "ae111a7bb8c34298c22d65b4c9c9337d448f7b3d"
  },
  "_source": "https://github.com/sass-mq/sass-mq.git",
  "_target": "^3.3.2",
  "_originalSource": "sass-mq",
  "_direct": true
}